ProjectID,ProjectName,ProjectType,StartDate,EndDate,SiteAddress,ClientName,SupervisorName
P001,Downtown Plaza,Commercial,2024-01-10,2024-08-20,123 Main St,Metro Corp,John Carter
P002,Harbor Bridge,Infrastructure,2024-02-01,2025-01-30,78 Harbor Rd,City Transit Auth,Sarah Lee
P003,Riverside Apartments,Residential,2024-03-15,2024-11-15,45 River Dr,Retail Ventures,David Kim
P004,Green Tech Campus,Commercial,2024-04-01,2025-02-28,900 Innovation Way,FutureTech Ltd,John Carter
P005,Sunset Mall Expansion,Commercial,2024-05-10,2024-12-20,300 Sunset Blvd,Metro Corp,Sarah Lee
P006,Lakeside Villas,Residential,2024-06-01,2024-12-01,88 Lakeview Rd,Retail Ventures,David Kim
P007,Airport Terminal Upgrade,Infrastructure,2024-07-15,2025-06-30,1 Airport Way,City Transit Auth,Sarah Lee
