SiteAddress,SiteCity,SiteState
1 Airport Way,Chicago,IL
123 Main St,Boston,MA
300 Sunset Blvd,Los Angeles,CA
45 River Dr,Providence,RI
78 Harbor Rd,Boston,MA
88 Lakeview Rd,Orlando,FL
900 Innovation Way,New York,NY
